Combination	Num_Genes	Count	Frequency(%)
Z2098	1	141	100.0
eae	1	141	100.0
espK	1	141	100.0
espV	1	141	100.0
stx1	1	141	100.0
stx2	1	141	100.0
ureD	1	141	100.0
espN	1	140	99.29
aggR	1	0	0.0
subA	1	0	0.0
Z2098/eae	2	141	100.0
Z2098/espK	2	141	100.0
Z2098/espV	2	141	100.0
Z2098/stx1	2	141	100.0
Z2098/stx2	2	141	100.0
Z2098/ureD	2	141	100.0
eae/espK	2	141	100.0
eae/espV	2	141	100.0
eae/stx1	2	141	100.0
eae/stx2	2	141	100.0
eae/ureD	2	141	100.0
espK/espV	2	141	100.0
espK/stx1	2	141	100.0
espK/stx2	2	141	100.0
espK/ureD	2	141	100.0
espV/stx1	2	141	100.0
espV/stx2	2	141	100.0
espV/ureD	2	141	100.0
stx1/stx2	2	141	100.0
stx1/ureD	2	141	100.0
stx2/ureD	2	141	100.0
Z2098/espN	2	140	99.29
eae/espN	2	140	99.29
espK/espN	2	140	99.29
espN/espV	2	140	99.29
espN/stx1	2	140	99.29
espN/stx2	2	140	99.29
espN/ureD	2	140	99.29
Z2098/aggR	2	0	0.0
Z2098/subA	2	0	0.0
aggR/eae	2	0	0.0
aggR/espK	2	0	0.0
aggR/espN	2	0	0.0
aggR/espV	2	0	0.0
aggR/stx1	2	0	0.0
aggR/stx2	2	0	0.0
aggR/subA	2	0	0.0
aggR/ureD	2	0	0.0
eae/subA	2	0	0.0
espK/subA	2	0	0.0
espN/subA	2	0	0.0
espV/subA	2	0	0.0
stx1/subA	2	0	0.0
stx2/subA	2	0	0.0
subA/ureD	2	0	0.0
Z2098/eae/espK	3	141	100.0
Z2098/eae/espV	3	141	100.0
Z2098/eae/stx1	3	141	100.0
Z2098/eae/stx2	3	141	100.0
Z2098/eae/ureD	3	141	100.0
Z2098/espK/espV	3	141	100.0
Z2098/espK/stx1	3	141	100.0
Z2098/espK/stx2	3	141	100.0
Z2098/espK/ureD	3	141	100.0
Z2098/espV/stx1	3	141	100.0
Z2098/espV/stx2	3	141	100.0
Z2098/espV/ureD	3	141	100.0
Z2098/stx1/stx2	3	141	100.0
Z2098/stx1/ureD	3	141	100.0
Z2098/stx2/ureD	3	141	100.0
eae/espK/espV	3	141	100.0
eae/espK/stx1	3	141	100.0
eae/espK/stx2	3	141	100.0
eae/espK/ureD	3	141	100.0
eae/espV/stx1	3	141	100.0
eae/espV/stx2	3	141	100.0
eae/espV/ureD	3	141	100.0
eae/stx1/stx2	3	141	100.0
eae/stx1/ureD	3	141	100.0
eae/stx2/ureD	3	141	100.0
espK/espV/stx1	3	141	100.0
espK/espV/stx2	3	141	100.0
espK/espV/ureD	3	141	100.0
espK/stx1/stx2	3	141	100.0
espK/stx1/ureD	3	141	100.0
espK/stx2/ureD	3	141	100.0
espV/stx1/stx2	3	141	100.0
espV/stx1/ureD	3	141	100.0
espV/stx2/ureD	3	141	100.0
stx1/stx2/ureD	3	141	100.0
Z2098/eae/espN	3	140	99.29
Z2098/espK/espN	3	140	99.29
Z2098/espN/espV	3	140	99.29
Z2098/espN/stx1	3	140	99.29
Z2098/espN/stx2	3	140	99.29
Z2098/espN/ureD	3	140	99.29
eae/espK/espN	3	140	99.29
eae/espN/espV	3	140	99.29
eae/espN/stx1	3	140	99.29
eae/espN/stx2	3	140	99.29
eae/espN/ureD	3	140	99.29
espK/espN/espV	3	140	99.29
espK/espN/stx1	3	140	99.29
espK/espN/stx2	3	140	99.29
espK/espN/ureD	3	140	99.29
espN/espV/stx1	3	140	99.29
espN/espV/stx2	3	140	99.29
espN/espV/ureD	3	140	99.29
espN/stx1/stx2	3	140	99.29
espN/stx1/ureD	3	140	99.29
espN/stx2/ureD	3	140	99.29
Z2098/aggR/eae	3	0	0.0
Z2098/aggR/espK	3	0	0.0
Z2098/aggR/espN	3	0	0.0
Z2098/aggR/espV	3	0	0.0
Z2098/aggR/stx1	3	0	0.0
Z2098/aggR/stx2	3	0	0.0
Z2098/aggR/subA	3	0	0.0
Z2098/aggR/ureD	3	0	0.0
Z2098/eae/subA	3	0	0.0
Z2098/espK/subA	3	0	0.0
Z2098/espN/subA	3	0	0.0
Z2098/espV/subA	3	0	0.0
Z2098/stx1/subA	3	0	0.0
Z2098/stx2/subA	3	0	0.0
Z2098/subA/ureD	3	0	0.0
aggR/eae/espK	3	0	0.0
aggR/eae/espN	3	0	0.0
aggR/eae/espV	3	0	0.0
aggR/eae/stx1	3	0	0.0
aggR/eae/stx2	3	0	0.0
aggR/eae/subA	3	0	0.0
aggR/eae/ureD	3	0	0.0
aggR/espK/espN	3	0	0.0
aggR/espK/espV	3	0	0.0
aggR/espK/stx1	3	0	0.0
aggR/espK/stx2	3	0	0.0
aggR/espK/subA	3	0	0.0
aggR/espK/ureD	3	0	0.0
aggR/espN/espV	3	0	0.0
aggR/espN/stx1	3	0	0.0
aggR/espN/stx2	3	0	0.0
aggR/espN/subA	3	0	0.0
aggR/espN/ureD	3	0	0.0
aggR/espV/stx1	3	0	0.0
aggR/espV/stx2	3	0	0.0
aggR/espV/subA	3	0	0.0
aggR/espV/ureD	3	0	0.0
aggR/stx1/stx2	3	0	0.0
aggR/stx1/subA	3	0	0.0
aggR/stx1/ureD	3	0	0.0
aggR/stx2/subA	3	0	0.0
aggR/stx2/ureD	3	0	0.0
aggR/subA/ureD	3	0	0.0
eae/espK/subA	3	0	0.0
eae/espN/subA	3	0	0.0
eae/espV/subA	3	0	0.0
eae/stx1/subA	3	0	0.0
eae/stx2/subA	3	0	0.0
eae/subA/ureD	3	0	0.0
espK/espN/subA	3	0	0.0
espK/espV/subA	3	0	0.0
espK/stx1/subA	3	0	0.0
espK/stx2/subA	3	0	0.0
espK/subA/ureD	3	0	0.0
espN/espV/subA	3	0	0.0
espN/stx1/subA	3	0	0.0
espN/stx2/subA	3	0	0.0
espN/subA/ureD	3	0	0.0
espV/stx1/subA	3	0	0.0
espV/stx2/subA	3	0	0.0
espV/subA/ureD	3	0	0.0
stx1/stx2/subA	3	0	0.0
stx1/subA/ureD	3	0	0.0
stx2/subA/ureD	3	0	0.0
Z2098/eae/espK/espV	4	141	100.0
Z2098/eae/espK/stx1	4	141	100.0
Z2098/eae/espK/stx2	4	141	100.0
Z2098/eae/espK/ureD	4	141	100.0
Z2098/eae/espV/stx1	4	141	100.0
Z2098/eae/espV/stx2	4	141	100.0
Z2098/eae/espV/ureD	4	141	100.0
Z2098/eae/stx1/stx2	4	141	100.0
Z2098/eae/stx1/ureD	4	141	100.0
Z2098/eae/stx2/ureD	4	141	100.0
Z2098/espK/espV/stx1	4	141	100.0
Z2098/espK/espV/stx2	4	141	100.0
Z2098/espK/espV/ureD	4	141	100.0
Z2098/espK/stx1/stx2	4	141	100.0
Z2098/espK/stx1/ureD	4	141	100.0
Z2098/espK/stx2/ureD	4	141	100.0
Z2098/espV/stx1/stx2	4	141	100.0
Z2098/espV/stx1/ureD	4	141	100.0
Z2098/espV/stx2/ureD	4	141	100.0
Z2098/stx1/stx2/ureD	4	141	100.0
eae/espK/espV/stx1	4	141	100.0
eae/espK/espV/stx2	4	141	100.0
eae/espK/espV/ureD	4	141	100.0
eae/espK/stx1/stx2	4	141	100.0
eae/espK/stx1/ureD	4	141	100.0
eae/espK/stx2/ureD	4	141	100.0
eae/espV/stx1/stx2	4	141	100.0
eae/espV/stx1/ureD	4	141	100.0
eae/espV/stx2/ureD	4	141	100.0
eae/stx1/stx2/ureD	4	141	100.0
espK/espV/stx1/stx2	4	141	100.0
espK/espV/stx1/ureD	4	141	100.0
espK/espV/stx2/ureD	4	141	100.0
espK/stx1/stx2/ureD	4	141	100.0
espV/stx1/stx2/ureD	4	141	100.0
Z2098/eae/espK/espN	4	140	99.29
Z2098/eae/espN/espV	4	140	99.29
Z2098/eae/espN/stx1	4	140	99.29
Z2098/eae/espN/stx2	4	140	99.29
Z2098/eae/espN/ureD	4	140	99.29
Z2098/espK/espN/espV	4	140	99.29
Z2098/espK/espN/stx1	4	140	99.29
Z2098/espK/espN/stx2	4	140	99.29
Z2098/espK/espN/ureD	4	140	99.29
Z2098/espN/espV/stx1	4	140	99.29
Z2098/espN/espV/stx2	4	140	99.29
Z2098/espN/espV/ureD	4	140	99.29
Z2098/espN/stx1/stx2	4	140	99.29
Z2098/espN/stx1/ureD	4	140	99.29
Z2098/espN/stx2/ureD	4	140	99.29
eae/espK/espN/espV	4	140	99.29
eae/espK/espN/stx1	4	140	99.29
eae/espK/espN/stx2	4	140	99.29
eae/espK/espN/ureD	4	140	99.29
eae/espN/espV/stx1	4	140	99.29
eae/espN/espV/stx2	4	140	99.29
eae/espN/espV/ureD	4	140	99.29
eae/espN/stx1/stx2	4	140	99.29
eae/espN/stx1/ureD	4	140	99.29
eae/espN/stx2/ureD	4	140	99.29
espK/espN/espV/stx1	4	140	99.29
espK/espN/espV/stx2	4	140	99.29
espK/espN/espV/ureD	4	140	99.29
espK/espN/stx1/stx2	4	140	99.29
espK/espN/stx1/ureD	4	140	99.29
espK/espN/stx2/ureD	4	140	99.29
espN/espV/stx1/stx2	4	140	99.29
espN/espV/stx1/ureD	4	140	99.29
espN/espV/stx2/ureD	4	140	99.29
espN/stx1/stx2/ureD	4	140	99.29
Z2098/aggR/eae/espK	4	0	0.0
Z2098/aggR/eae/espN	4	0	0.0
Z2098/aggR/eae/espV	4	0	0.0
Z2098/aggR/eae/stx1	4	0	0.0
Z2098/aggR/eae/stx2	4	0	0.0
Z2098/aggR/eae/subA	4	0	0.0
Z2098/aggR/eae/ureD	4	0	0.0
Z2098/aggR/espK/espN	4	0	0.0
Z2098/aggR/espK/espV	4	0	0.0
Z2098/aggR/espK/stx1	4	0	0.0
Z2098/aggR/espK/stx2	4	0	0.0
Z2098/aggR/espK/subA	4	0	0.0
Z2098/aggR/espK/ureD	4	0	0.0
Z2098/aggR/espN/espV	4	0	0.0
Z2098/aggR/espN/stx1	4	0	0.0
Z2098/aggR/espN/stx2	4	0	0.0
Z2098/aggR/espN/subA	4	0	0.0
Z2098/aggR/espN/ureD	4	0	0.0
Z2098/aggR/espV/stx1	4	0	0.0
Z2098/aggR/espV/stx2	4	0	0.0
Z2098/aggR/espV/subA	4	0	0.0
Z2098/aggR/espV/ureD	4	0	0.0
Z2098/aggR/stx1/stx2	4	0	0.0
Z2098/aggR/stx1/subA	4	0	0.0
Z2098/aggR/stx1/ureD	4	0	0.0
Z2098/aggR/stx2/subA	4	0	0.0
Z2098/aggR/stx2/ureD	4	0	0.0
Z2098/aggR/subA/ureD	4	0	0.0
Z2098/eae/espK/subA	4	0	0.0
Z2098/eae/espN/subA	4	0	0.0
Z2098/eae/espV/subA	4	0	0.0
Z2098/eae/stx1/subA	4	0	0.0
Z2098/eae/stx2/subA	4	0	0.0
Z2098/eae/subA/ureD	4	0	0.0
Z2098/espK/espN/subA	4	0	0.0
Z2098/espK/espV/subA	4	0	0.0
Z2098/espK/stx1/subA	4	0	0.0
Z2098/espK/stx2/subA	4	0	0.0
Z2098/espK/subA/ureD	4	0	0.0
Z2098/espN/espV/subA	4	0	0.0
Z2098/espN/stx1/subA	4	0	0.0
Z2098/espN/stx2/subA	4	0	0.0
Z2098/espN/subA/ureD	4	0	0.0
Z2098/espV/stx1/subA	4	0	0.0
Z2098/espV/stx2/subA	4	0	0.0
Z2098/espV/subA/ureD	4	0	0.0
Z2098/stx1/stx2/subA	4	0	0.0
Z2098/stx1/subA/ureD	4	0	0.0
Z2098/stx2/subA/ureD	4	0	0.0
aggR/eae/espK/espN	4	0	0.0
aggR/eae/espK/espV	4	0	0.0
aggR/eae/espK/stx1	4	0	0.0
aggR/eae/espK/stx2	4	0	0.0
aggR/eae/espK/subA	4	0	0.0
aggR/eae/espK/ureD	4	0	0.0
aggR/eae/espN/espV	4	0	0.0
aggR/eae/espN/stx1	4	0	0.0
aggR/eae/espN/stx2	4	0	0.0
aggR/eae/espN/subA	4	0	0.0
aggR/eae/espN/ureD	4	0	0.0
aggR/eae/espV/stx1	4	0	0.0
aggR/eae/espV/stx2	4	0	0.0
aggR/eae/espV/subA	4	0	0.0
aggR/eae/espV/ureD	4	0	0.0
aggR/eae/stx1/stx2	4	0	0.0
aggR/eae/stx1/subA	4	0	0.0
aggR/eae/stx1/ureD	4	0	0.0
aggR/eae/stx2/subA	4	0	0.0
aggR/eae/stx2/ureD	4	0	0.0
aggR/eae/subA/ureD	4	0	0.0
aggR/espK/espN/espV	4	0	0.0
aggR/espK/espN/stx1	4	0	0.0
aggR/espK/espN/stx2	4	0	0.0
aggR/espK/espN/subA	4	0	0.0
aggR/espK/espN/ureD	4	0	0.0
aggR/espK/espV/stx1	4	0	0.0
aggR/espK/espV/stx2	4	0	0.0
aggR/espK/espV/subA	4	0	0.0
aggR/espK/espV/ureD	4	0	0.0
aggR/espK/stx1/stx2	4	0	0.0
aggR/espK/stx1/subA	4	0	0.0
aggR/espK/stx1/ureD	4	0	0.0
aggR/espK/stx2/subA	4	0	0.0
aggR/espK/stx2/ureD	4	0	0.0
aggR/espK/subA/ureD	4	0	0.0
aggR/espN/espV/stx1	4	0	0.0
aggR/espN/espV/stx2	4	0	0.0
aggR/espN/espV/subA	4	0	0.0
aggR/espN/espV/ureD	4	0	0.0
aggR/espN/stx1/stx2	4	0	0.0
aggR/espN/stx1/subA	4	0	0.0
aggR/espN/stx1/ureD	4	0	0.0
aggR/espN/stx2/subA	4	0	0.0
aggR/espN/stx2/ureD	4	0	0.0
aggR/espN/subA/ureD	4	0	0.0
aggR/espV/stx1/stx2	4	0	0.0
aggR/espV/stx1/subA	4	0	0.0
aggR/espV/stx1/ureD	4	0	0.0
aggR/espV/stx2/subA	4	0	0.0
aggR/espV/stx2/ureD	4	0	0.0
aggR/espV/subA/ureD	4	0	0.0
aggR/stx1/stx2/subA	4	0	0.0
aggR/stx1/stx2/ureD	4	0	0.0
aggR/stx1/subA/ureD	4	0	0.0
aggR/stx2/subA/ureD	4	0	0.0
eae/espK/espN/subA	4	0	0.0
eae/espK/espV/subA	4	0	0.0
eae/espK/stx1/subA	4	0	0.0
eae/espK/stx2/subA	4	0	0.0
eae/espK/subA/ureD	4	0	0.0
eae/espN/espV/subA	4	0	0.0
eae/espN/stx1/subA	4	0	0.0
eae/espN/stx2/subA	4	0	0.0
eae/espN/subA/ureD	4	0	0.0
eae/espV/stx1/subA	4	0	0.0
eae/espV/stx2/subA	4	0	0.0
eae/espV/subA/ureD	4	0	0.0
eae/stx1/stx2/subA	4	0	0.0
eae/stx1/subA/ureD	4	0	0.0
eae/stx2/subA/ureD	4	0	0.0
espK/espN/espV/subA	4	0	0.0
espK/espN/stx1/subA	4	0	0.0
espK/espN/stx2/subA	4	0	0.0
espK/espN/subA/ureD	4	0	0.0
espK/espV/stx1/subA	4	0	0.0
espK/espV/stx2/subA	4	0	0.0
espK/espV/subA/ureD	4	0	0.0
espK/stx1/stx2/subA	4	0	0.0
espK/stx1/subA/ureD	4	0	0.0
espK/stx2/subA/ureD	4	0	0.0
espN/espV/stx1/subA	4	0	0.0
espN/espV/stx2/subA	4	0	0.0
espN/espV/subA/ureD	4	0	0.0
espN/stx1/stx2/subA	4	0	0.0
espN/stx1/subA/ureD	4	0	0.0
espN/stx2/subA/ureD	4	0	0.0
espV/stx1/stx2/subA	4	0	0.0
espV/stx1/subA/ureD	4	0	0.0
espV/stx2/subA/ureD	4	0	0.0
stx1/stx2/subA/ureD	4	0	0.0
Z2098/eae/espK/espV/stx1	5	141	100.0
Z2098/eae/espK/espV/stx2	5	141	100.0
Z2098/eae/espK/espV/ureD	5	141	100.0
Z2098/eae/espK/stx1/stx2	5	141	100.0
Z2098/eae/espK/stx1/ureD	5	141	100.0
Z2098/eae/espK/stx2/ureD	5	141	100.0
Z2098/eae/espV/stx1/stx2	5	141	100.0
Z2098/eae/espV/stx1/ureD	5	141	100.0
Z2098/eae/espV/stx2/ureD	5	141	100.0
Z2098/eae/stx1/stx2/ureD	5	141	100.0
Z2098/espK/espV/stx1/stx2	5	141	100.0
Z2098/espK/espV/stx1/ureD	5	141	100.0
Z2098/espK/espV/stx2/ureD	5	141	100.0
Z2098/espK/stx1/stx2/ureD	5	141	100.0
Z2098/espV/stx1/stx2/ureD	5	141	100.0
eae/espK/espV/stx1/stx2	5	141	100.0
eae/espK/espV/stx1/ureD	5	141	100.0
eae/espK/espV/stx2/ureD	5	141	100.0
eae/espK/stx1/stx2/ureD	5	141	100.0
eae/espV/stx1/stx2/ureD	5	141	100.0
espK/espV/stx1/stx2/ureD	5	141	100.0
Z2098/eae/espK/espN/espV	5	140	99.29
Z2098/eae/espK/espN/stx1	5	140	99.29
Z2098/eae/espK/espN/stx2	5	140	99.29
Z2098/eae/espK/espN/ureD	5	140	99.29
Z2098/eae/espN/espV/stx1	5	140	99.29
Z2098/eae/espN/espV/stx2	5	140	99.29
Z2098/eae/espN/espV/ureD	5	140	99.29
Z2098/eae/espN/stx1/stx2	5	140	99.29
Z2098/eae/espN/stx1/ureD	5	140	99.29
Z2098/eae/espN/stx2/ureD	5	140	99.29
Z2098/espK/espN/espV/stx1	5	140	99.29
Z2098/espK/espN/espV/stx2	5	140	99.29
Z2098/espK/espN/espV/ureD	5	140	99.29
Z2098/espK/espN/stx1/stx2	5	140	99.29
Z2098/espK/espN/stx1/ureD	5	140	99.29
Z2098/espK/espN/stx2/ureD	5	140	99.29
Z2098/espN/espV/stx1/stx2	5	140	99.29
Z2098/espN/espV/stx1/ureD	5	140	99.29
Z2098/espN/espV/stx2/ureD	5	140	99.29
Z2098/espN/stx1/stx2/ureD	5	140	99.29
eae/espK/espN/espV/stx1	5	140	99.29
eae/espK/espN/espV/stx2	5	140	99.29
eae/espK/espN/espV/ureD	5	140	99.29
eae/espK/espN/stx1/stx2	5	140	99.29
eae/espK/espN/stx1/ureD	5	140	99.29
eae/espK/espN/stx2/ureD	5	140	99.29
eae/espN/espV/stx1/stx2	5	140	99.29
eae/espN/espV/stx1/ureD	5	140	99.29
eae/espN/espV/stx2/ureD	5	140	99.29
eae/espN/stx1/stx2/ureD	5	140	99.29
espK/espN/espV/stx1/stx2	5	140	99.29
espK/espN/espV/stx1/ureD	5	140	99.29
espK/espN/espV/stx2/ureD	5	140	99.29
espK/espN/stx1/stx2/ureD	5	140	99.29
espN/espV/stx1/stx2/ureD	5	140	99.29
Z2098/aggR/eae/espK/espN	5	0	0.0
Z2098/aggR/eae/espK/espV	5	0	0.0
Z2098/aggR/eae/espK/stx1	5	0	0.0
Z2098/aggR/eae/espK/stx2	5	0	0.0
Z2098/aggR/eae/espK/subA	5	0	0.0
Z2098/aggR/eae/espK/ureD	5	0	0.0
Z2098/aggR/eae/espN/espV	5	0	0.0
Z2098/aggR/eae/espN/stx1	5	0	0.0
Z2098/aggR/eae/espN/stx2	5	0	0.0
Z2098/aggR/eae/espN/subA	5	0	0.0
Z2098/aggR/eae/espN/ureD	5	0	0.0
Z2098/aggR/eae/espV/stx1	5	0	0.0
Z2098/aggR/eae/espV/stx2	5	0	0.0
Z2098/aggR/eae/espV/subA	5	0	0.0
Z2098/aggR/eae/espV/ureD	5	0	0.0
Z2098/aggR/eae/stx1/stx2	5	0	0.0
Z2098/aggR/eae/stx1/subA	5	0	0.0
Z2098/aggR/eae/stx1/ureD	5	0	0.0
Z2098/aggR/eae/stx2/subA	5	0	0.0
Z2098/aggR/eae/stx2/ureD	5	0	0.0
Z2098/aggR/eae/subA/ureD	5	0	0.0
Z2098/aggR/espK/espN/espV	5	0	0.0
Z2098/aggR/espK/espN/stx1	5	0	0.0
Z2098/aggR/espK/espN/stx2	5	0	0.0
Z2098/aggR/espK/espN/subA	5	0	0.0
Z2098/aggR/espK/espN/ureD	5	0	0.0
Z2098/aggR/espK/espV/stx1	5	0	0.0
Z2098/aggR/espK/espV/stx2	5	0	0.0
Z2098/aggR/espK/espV/subA	5	0	0.0
Z2098/aggR/espK/espV/ureD	5	0	0.0
Z2098/aggR/espK/stx1/stx2	5	0	0.0
Z2098/aggR/espK/stx1/subA	5	0	0.0
Z2098/aggR/espK/stx1/ureD	5	0	0.0
Z2098/aggR/espK/stx2/subA	5	0	0.0
Z2098/aggR/espK/stx2/ureD	5	0	0.0
Z2098/aggR/espK/subA/ureD	5	0	0.0
Z2098/aggR/espN/espV/stx1	5	0	0.0
Z2098/aggR/espN/espV/stx2	5	0	0.0
Z2098/aggR/espN/espV/subA	5	0	0.0
Z2098/aggR/espN/espV/ureD	5	0	0.0
Z2098/aggR/espN/stx1/stx2	5	0	0.0
Z2098/aggR/espN/stx1/subA	5	0	0.0
Z2098/aggR/espN/stx1/ureD	5	0	0.0
Z2098/aggR/espN/stx2/subA	5	0	0.0
Z2098/aggR/espN/stx2/ureD	5	0	0.0
Z2098/aggR/espN/subA/ureD	5	0	0.0
Z2098/aggR/espV/stx1/stx2	5	0	0.0
Z2098/aggR/espV/stx1/subA	5	0	0.0
Z2098/aggR/espV/stx1/ureD	5	0	0.0
Z2098/aggR/espV/stx2/subA	5	0	0.0
Z2098/aggR/espV/stx2/ureD	5	0	0.0
Z2098/aggR/espV/subA/ureD	5	0	0.0
Z2098/aggR/stx1/stx2/subA	5	0	0.0
Z2098/aggR/stx1/stx2/ureD	5	0	0.0
Z2098/aggR/stx1/subA/ureD	5	0	0.0
Z2098/aggR/stx2/subA/ureD	5	0	0.0
Z2098/eae/espK/espN/subA	5	0	0.0
Z2098/eae/espK/espV/subA	5	0	0.0
Z2098/eae/espK/stx1/subA	5	0	0.0
Z2098/eae/espK/stx2/subA	5	0	0.0
Z2098/eae/espK/subA/ureD	5	0	0.0
Z2098/eae/espN/espV/subA	5	0	0.0
Z2098/eae/espN/stx1/subA	5	0	0.0
Z2098/eae/espN/stx2/subA	5	0	0.0
Z2098/eae/espN/subA/ureD	5	0	0.0
Z2098/eae/espV/stx1/subA	5	0	0.0
Z2098/eae/espV/stx2/subA	5	0	0.0
Z2098/eae/espV/subA/ureD	5	0	0.0
Z2098/eae/stx1/stx2/subA	5	0	0.0
Z2098/eae/stx1/subA/ureD	5	0	0.0
Z2098/eae/stx2/subA/ureD	5	0	0.0
Z2098/espK/espN/espV/subA	5	0	0.0
Z2098/espK/espN/stx1/subA	5	0	0.0
Z2098/espK/espN/stx2/subA	5	0	0.0
Z2098/espK/espN/subA/ureD	5	0	0.0
Z2098/espK/espV/stx1/subA	5	0	0.0
Z2098/espK/espV/stx2/subA	5	0	0.0
Z2098/espK/espV/subA/ureD	5	0	0.0
Z2098/espK/stx1/stx2/subA	5	0	0.0
Z2098/espK/stx1/subA/ureD	5	0	0.0
Z2098/espK/stx2/subA/ureD	5	0	0.0
Z2098/espN/espV/stx1/subA	5	0	0.0
Z2098/espN/espV/stx2/subA	5	0	0.0
Z2098/espN/espV/subA/ureD	5	0	0.0
Z2098/espN/stx1/stx2/subA	5	0	0.0
Z2098/espN/stx1/subA/ureD	5	0	0.0
Z2098/espN/stx2/subA/ureD	5	0	0.0
Z2098/espV/stx1/stx2/subA	5	0	0.0
Z2098/espV/stx1/subA/ureD	5	0	0.0
Z2098/espV/stx2/subA/ureD	5	0	0.0
Z2098/stx1/stx2/subA/ureD	5	0	0.0
aggR/eae/espK/espN/espV	5	0	0.0
aggR/eae/espK/espN/stx1	5	0	0.0
aggR/eae/espK/espN/stx2	5	0	0.0
aggR/eae/espK/espN/subA	5	0	0.0
aggR/eae/espK/espN/ureD	5	0	0.0
aggR/eae/espK/espV/stx1	5	0	0.0
aggR/eae/espK/espV/stx2	5	0	0.0
aggR/eae/espK/espV/subA	5	0	0.0
aggR/eae/espK/espV/ureD	5	0	0.0
aggR/eae/espK/stx1/stx2	5	0	0.0
aggR/eae/espK/stx1/subA	5	0	0.0
aggR/eae/espK/stx1/ureD	5	0	0.0
aggR/eae/espK/stx2/subA	5	0	0.0
aggR/eae/espK/stx2/ureD	5	0	0.0
aggR/eae/espK/subA/ureD	5	0	0.0
aggR/eae/espN/espV/stx1	5	0	0.0
aggR/eae/espN/espV/stx2	5	0	0.0
aggR/eae/espN/espV/subA	5	0	0.0
aggR/eae/espN/espV/ureD	5	0	0.0
aggR/eae/espN/stx1/stx2	5	0	0.0
aggR/eae/espN/stx1/subA	5	0	0.0
aggR/eae/espN/stx1/ureD	5	0	0.0
aggR/eae/espN/stx2/subA	5	0	0.0
aggR/eae/espN/stx2/ureD	5	0	0.0
aggR/eae/espN/subA/ureD	5	0	0.0
aggR/eae/espV/stx1/stx2	5	0	0.0
aggR/eae/espV/stx1/subA	5	0	0.0
aggR/eae/espV/stx1/ureD	5	0	0.0
aggR/eae/espV/stx2/subA	5	0	0.0
aggR/eae/espV/stx2/ureD	5	0	0.0
aggR/eae/espV/subA/ureD	5	0	0.0
aggR/eae/stx1/stx2/subA	5	0	0.0
aggR/eae/stx1/stx2/ureD	5	0	0.0
aggR/eae/stx1/subA/ureD	5	0	0.0
aggR/eae/stx2/subA/ureD	5	0	0.0
aggR/espK/espN/espV/stx1	5	0	0.0
aggR/espK/espN/espV/stx2	5	0	0.0
aggR/espK/espN/espV/subA	5	0	0.0
aggR/espK/espN/espV/ureD	5	0	0.0
aggR/espK/espN/stx1/stx2	5	0	0.0
aggR/espK/espN/stx1/subA	5	0	0.0
aggR/espK/espN/stx1/ureD	5	0	0.0
aggR/espK/espN/stx2/subA	5	0	0.0
aggR/espK/espN/stx2/ureD	5	0	0.0
aggR/espK/espN/subA/ureD	5	0	0.0
aggR/espK/espV/stx1/stx2	5	0	0.0
aggR/espK/espV/stx1/subA	5	0	0.0
aggR/espK/espV/stx1/ureD	5	0	0.0
aggR/espK/espV/stx2/subA	5	0	0.0
aggR/espK/espV/stx2/ureD	5	0	0.0
aggR/espK/espV/subA/ureD	5	0	0.0
aggR/espK/stx1/stx2/subA	5	0	0.0
aggR/espK/stx1/stx2/ureD	5	0	0.0
aggR/espK/stx1/subA/ureD	5	0	0.0
aggR/espK/stx2/subA/ureD	5	0	0.0
aggR/espN/espV/stx1/stx2	5	0	0.0
aggR/espN/espV/stx1/subA	5	0	0.0
aggR/espN/espV/stx1/ureD	5	0	0.0
aggR/espN/espV/stx2/subA	5	0	0.0
aggR/espN/espV/stx2/ureD	5	0	0.0
aggR/espN/espV/subA/ureD	5	0	0.0
aggR/espN/stx1/stx2/subA	5	0	0.0
aggR/espN/stx1/stx2/ureD	5	0	0.0
aggR/espN/stx1/subA/ureD	5	0	0.0
aggR/espN/stx2/subA/ureD	5	0	0.0
aggR/espV/stx1/stx2/subA	5	0	0.0
aggR/espV/stx1/stx2/ureD	5	0	0.0
aggR/espV/stx1/subA/ureD	5	0	0.0
aggR/espV/stx2/subA/ureD	5	0	0.0
aggR/stx1/stx2/subA/ureD	5	0	0.0
eae/espK/espN/espV/subA	5	0	0.0
eae/espK/espN/stx1/subA	5	0	0.0
eae/espK/espN/stx2/subA	5	0	0.0
eae/espK/espN/subA/ureD	5	0	0.0
eae/espK/espV/stx1/subA	5	0	0.0
eae/espK/espV/stx2/subA	5	0	0.0
eae/espK/espV/subA/ureD	5	0	0.0
eae/espK/stx1/stx2/subA	5	0	0.0
eae/espK/stx1/subA/ureD	5	0	0.0
eae/espK/stx2/subA/ureD	5	0	0.0
eae/espN/espV/stx1/subA	5	0	0.0
eae/espN/espV/stx2/subA	5	0	0.0
eae/espN/espV/subA/ureD	5	0	0.0
eae/espN/stx1/stx2/subA	5	0	0.0
eae/espN/stx1/subA/ureD	5	0	0.0
eae/espN/stx2/subA/ureD	5	0	0.0
eae/espV/stx1/stx2/subA	5	0	0.0
eae/espV/stx1/subA/ureD	5	0	0.0
eae/espV/stx2/subA/ureD	5	0	0.0
eae/stx1/stx2/subA/ureD	5	0	0.0
espK/espN/espV/stx1/subA	5	0	0.0
espK/espN/espV/stx2/subA	5	0	0.0
espK/espN/espV/subA/ureD	5	0	0.0
espK/espN/stx1/stx2/subA	5	0	0.0
espK/espN/stx1/subA/ureD	5	0	0.0
espK/espN/stx2/subA/ureD	5	0	0.0
espK/espV/stx1/stx2/subA	5	0	0.0
espK/espV/stx1/subA/ureD	5	0	0.0
espK/espV/stx2/subA/ureD	5	0	0.0
espK/stx1/stx2/subA/ureD	5	0	0.0
espN/espV/stx1/stx2/subA	5	0	0.0
espN/espV/stx1/subA/ureD	5	0	0.0
espN/espV/stx2/subA/ureD	5	0	0.0
espN/stx1/stx2/subA/ureD	5	0	0.0
espV/stx1/stx2/subA/ureD	5	0	0.0
Z2098/eae/espK/espV/stx1/stx2	6	141	100.0
Z2098/eae/espK/espV/stx1/ureD	6	141	100.0
Z2098/eae/espK/espV/stx2/ureD	6	141	100.0
Z2098/eae/espK/stx1/stx2/ureD	6	141	100.0
Z2098/eae/espV/stx1/stx2/ureD	6	141	100.0
Z2098/espK/espV/stx1/stx2/ureD	6	141	100.0
eae/espK/espV/stx1/stx2/ureD	6	141	100.0
Z2098/eae/espK/espN/espV/stx1	6	140	99.29
Z2098/eae/espK/espN/espV/stx2	6	140	99.29
Z2098/eae/espK/espN/espV/ureD	6	140	99.29
Z2098/eae/espK/espN/stx1/stx2	6	140	99.29
Z2098/eae/espK/espN/stx1/ureD	6	140	99.29
Z2098/eae/espK/espN/stx2/ureD	6	140	99.29
Z2098/eae/espN/espV/stx1/stx2	6	140	99.29
Z2098/eae/espN/espV/stx1/ureD	6	140	99.29
Z2098/eae/espN/espV/stx2/ureD	6	140	99.29
Z2098/eae/espN/stx1/stx2/ureD	6	140	99.29
Z2098/espK/espN/espV/stx1/stx2	6	140	99.29
Z2098/espK/espN/espV/stx1/ureD	6	140	99.29
Z2098/espK/espN/espV/stx2/ureD	6	140	99.29
Z2098/espK/espN/stx1/stx2/ureD	6	140	99.29
Z2098/espN/espV/stx1/stx2/ureD	6	140	99.29
eae/espK/espN/espV/stx1/stx2	6	140	99.29
eae/espK/espN/espV/stx1/ureD	6	140	99.29
eae/espK/espN/espV/stx2/ureD	6	140	99.29
eae/espK/espN/stx1/stx2/ureD	6	140	99.29
eae/espN/espV/stx1/stx2/ureD	6	140	99.29
espK/espN/espV/stx1/stx2/ureD	6	140	99.29
Z2098/aggR/eae/espK/espN/espV	6	0	0.0
Z2098/aggR/eae/espK/espN/stx1	6	0	0.0
Z2098/aggR/eae/espK/espN/stx2	6	0	0.0
Z2098/aggR/eae/espK/espN/subA	6	0	0.0
Z2098/aggR/eae/espK/espN/ureD	6	0	0.0
Z2098/aggR/eae/espK/espV/stx1	6	0	0.0
Z2098/aggR/eae/espK/espV/stx2	6	0	0.0
Z2098/aggR/eae/espK/espV/subA	6	0	0.0
Z2098/aggR/eae/espK/espV/ureD	6	0	0.0
Z2098/aggR/eae/espK/stx1/stx2	6	0	0.0
Z2098/aggR/eae/espK/stx1/subA	6	0	0.0
Z2098/aggR/eae/espK/stx1/ureD	6	0	0.0
Z2098/aggR/eae/espK/stx2/subA	6	0	0.0
Z2098/aggR/eae/espK/stx2/ureD	6	0	0.0
Z2098/aggR/eae/espK/subA/ureD	6	0	0.0
Z2098/aggR/eae/espN/espV/stx1	6	0	0.0
Z2098/aggR/eae/espN/espV/stx2	6	0	0.0
Z2098/aggR/eae/espN/espV/subA	6	0	0.0
Z2098/aggR/eae/espN/espV/ureD	6	0	0.0
Z2098/aggR/eae/espN/stx1/stx2	6	0	0.0
Z2098/aggR/eae/espN/stx1/subA	6	0	0.0
Z2098/aggR/eae/espN/stx1/ureD	6	0	0.0
Z2098/aggR/eae/espN/stx2/subA	6	0	0.0
Z2098/aggR/eae/espN/stx2/ureD	6	0	0.0
Z2098/aggR/eae/espN/subA/ureD	6	0	0.0
Z2098/aggR/eae/espV/stx1/stx2	6	0	0.0
Z2098/aggR/eae/espV/stx1/subA	6	0	0.0
Z2098/aggR/eae/espV/stx1/ureD	6	0	0.0
Z2098/aggR/eae/espV/stx2/subA	6	0	0.0
Z2098/aggR/eae/espV/stx2/ureD	6	0	0.0
Z2098/aggR/eae/espV/subA/ureD	6	0	0.0
Z2098/aggR/eae/stx1/stx2/subA	6	0	0.0
Z2098/aggR/eae/stx1/stx2/ureD	6	0	0.0
Z2098/aggR/eae/stx1/subA/ureD	6	0	0.0
Z2098/aggR/eae/stx2/subA/ureD	6	0	0.0
Z2098/aggR/espK/espN/espV/stx1	6	0	0.0
Z2098/aggR/espK/espN/espV/stx2	6	0	0.0
Z2098/aggR/espK/espN/espV/subA	6	0	0.0
Z2098/aggR/espK/espN/espV/ureD	6	0	0.0
Z2098/aggR/espK/espN/stx1/stx2	6	0	0.0
Z2098/aggR/espK/espN/stx1/subA	6	0	0.0
Z2098/aggR/espK/espN/stx1/ureD	6	0	0.0
Z2098/aggR/espK/espN/stx2/subA	6	0	0.0
Z2098/aggR/espK/espN/stx2/ureD	6	0	0.0
Z2098/aggR/espK/espN/subA/ureD	6	0	0.0
Z2098/aggR/espK/espV/stx1/stx2	6	0	0.0
Z2098/aggR/espK/espV/stx1/subA	6	0	0.0
Z2098/aggR/espK/espV/stx1/ureD	6	0	0.0
Z2098/aggR/espK/espV/stx2/subA	6	0	0.0
Z2098/aggR/espK/espV/stx2/ureD	6	0	0.0
Z2098/aggR/espK/espV/subA/ureD	6	0	0.0
Z2098/aggR/espK/stx1/stx2/subA	6	0	0.0
Z2098/aggR/espK/stx1/stx2/ureD	6	0	0.0
Z2098/aggR/espK/stx1/subA/ureD	6	0	0.0
Z2098/aggR/espK/stx2/subA/ureD	6	0	0.0
Z2098/aggR/espN/espV/stx1/stx2	6	0	0.0
Z2098/aggR/espN/espV/stx1/subA	6	0	0.0
Z2098/aggR/espN/espV/stx1/ureD	6	0	0.0
Z2098/aggR/espN/espV/stx2/subA	6	0	0.0
Z2098/aggR/espN/espV/stx2/ureD	6	0	0.0
Z2098/aggR/espN/espV/subA/ureD	6	0	0.0
Z2098/aggR/espN/stx1/stx2/subA	6	0	0.0
Z2098/aggR/espN/stx1/stx2/ureD	6	0	0.0
Z2098/aggR/espN/stx1/subA/ureD	6	0	0.0
Z2098/aggR/espN/stx2/subA/ureD	6	0	0.0
Z2098/aggR/espV/stx1/stx2/subA	6	0	0.0
Z2098/aggR/espV/stx1/stx2/ureD	6	0	0.0
Z2098/aggR/espV/stx1/subA/ureD	6	0	0.0
Z2098/aggR/espV/stx2/subA/ureD	6	0	0.0
Z2098/aggR/stx1/stx2/subA/ureD	6	0	0.0
Z2098/eae/espK/espN/espV/subA	6	0	0.0
Z2098/eae/espK/espN/stx1/subA	6	0	0.0
Z2098/eae/espK/espN/stx2/subA	6	0	0.0
Z2098/eae/espK/espN/subA/ureD	6	0	0.0
Z2098/eae/espK/espV/stx1/subA	6	0	0.0
Z2098/eae/espK/espV/stx2/subA	6	0	0.0
Z2098/eae/espK/espV/subA/ureD	6	0	0.0
Z2098/eae/espK/stx1/stx2/subA	6	0	0.0
Z2098/eae/espK/stx1/subA/ureD	6	0	0.0
Z2098/eae/espK/stx2/subA/ureD	6	0	0.0
Z2098/eae/espN/espV/stx1/subA	6	0	0.0
Z2098/eae/espN/espV/stx2/subA	6	0	0.0
Z2098/eae/espN/espV/subA/ureD	6	0	0.0
Z2098/eae/espN/stx1/stx2/subA	6	0	0.0
Z2098/eae/espN/stx1/subA/ureD	6	0	0.0
Z2098/eae/espN/stx2/subA/ureD	6	0	0.0
Z2098/eae/espV/stx1/stx2/subA	6	0	0.0
Z2098/eae/espV/stx1/subA/ureD	6	0	0.0
Z2098/eae/espV/stx2/subA/ureD	6	0	0.0
Z2098/eae/stx1/stx2/subA/ureD	6	0	0.0
Z2098/espK/espN/espV/stx1/subA	6	0	0.0
Z2098/espK/espN/espV/stx2/subA	6	0	0.0
Z2098/espK/espN/espV/subA/ureD	6	0	0.0
Z2098/espK/espN/stx1/stx2/subA	6	0	0.0
Z2098/espK/espN/stx1/subA/ureD	6	0	0.0
Z2098/espK/espN/stx2/subA/ureD	6	0	0.0
Z2098/espK/espV/stx1/stx2/subA	6	0	0.0
Z2098/espK/espV/stx1/subA/ureD	6	0	0.0
Z2098/espK/espV/stx2/subA/ureD	6	0	0.0
Z2098/espK/stx1/stx2/subA/ureD	6	0	0.0
Z2098/espN/espV/stx1/stx2/subA	6	0	0.0
Z2098/espN/espV/stx1/subA/ureD	6	0	0.0
Z2098/espN/espV/stx2/subA/ureD	6	0	0.0
Z2098/espN/stx1/stx2/subA/ureD	6	0	0.0
Z2098/espV/stx1/stx2/subA/ureD	6	0	0.0
aggR/eae/espK/espN/espV/stx1	6	0	0.0
aggR/eae/espK/espN/espV/stx2	6	0	0.0
aggR/eae/espK/espN/espV/subA	6	0	0.0
aggR/eae/espK/espN/espV/ureD	6	0	0.0
aggR/eae/espK/espN/stx1/stx2	6	0	0.0
aggR/eae/espK/espN/stx1/subA	6	0	0.0
aggR/eae/espK/espN/stx1/ureD	6	0	0.0
aggR/eae/espK/espN/stx2/subA	6	0	0.0
aggR/eae/espK/espN/stx2/ureD	6	0	0.0
aggR/eae/espK/espN/subA/ureD	6	0	0.0
aggR/eae/espK/espV/stx1/stx2	6	0	0.0
aggR/eae/espK/espV/stx1/subA	6	0	0.0
aggR/eae/espK/espV/stx1/ureD	6	0	0.0
aggR/eae/espK/espV/stx2/subA	6	0	0.0
aggR/eae/espK/espV/stx2/ureD	6	0	0.0
aggR/eae/espK/espV/subA/ureD	6	0	0.0
aggR/eae/espK/stx1/stx2/subA	6	0	0.0
aggR/eae/espK/stx1/stx2/ureD	6	0	0.0
aggR/eae/espK/stx1/subA/ureD	6	0	0.0
aggR/eae/espK/stx2/subA/ureD	6	0	0.0
aggR/eae/espN/espV/stx1/stx2	6	0	0.0
aggR/eae/espN/espV/stx1/subA	6	0	0.0
aggR/eae/espN/espV/stx1/ureD	6	0	0.0
aggR/eae/espN/espV/stx2/subA	6	0	0.0
aggR/eae/espN/espV/stx2/ureD	6	0	0.0
aggR/eae/espN/espV/subA/ureD	6	0	0.0
aggR/eae/espN/stx1/stx2/subA	6	0	0.0
aggR/eae/espN/stx1/stx2/ureD	6	0	0.0
aggR/eae/espN/stx1/subA/ureD	6	0	0.0
aggR/eae/espN/stx2/subA/ureD	6	0	0.0
aggR/eae/espV/stx1/stx2/subA	6	0	0.0
aggR/eae/espV/stx1/stx2/ureD	6	0	0.0
aggR/eae/espV/stx1/subA/ureD	6	0	0.0
aggR/eae/espV/stx2/subA/ureD	6	0	0.0
aggR/eae/stx1/stx2/subA/ureD	6	0	0.0
aggR/espK/espN/espV/stx1/stx2	6	0	0.0
aggR/espK/espN/espV/stx1/subA	6	0	0.0
aggR/espK/espN/espV/stx1/ureD	6	0	0.0
aggR/espK/espN/espV/stx2/subA	6	0	0.0
aggR/espK/espN/espV/stx2/ureD	6	0	0.0
aggR/espK/espN/espV/subA/ureD	6	0	0.0
aggR/espK/espN/stx1/stx2/subA	6	0	0.0
aggR/espK/espN/stx1/stx2/ureD	6	0	0.0
aggR/espK/espN/stx1/subA/ureD	6	0	0.0
aggR/espK/espN/stx2/subA/ureD	6	0	0.0
aggR/espK/espV/stx1/stx2/subA	6	0	0.0
aggR/espK/espV/stx1/stx2/ureD	6	0	0.0
aggR/espK/espV/stx1/subA/ureD	6	0	0.0
aggR/espK/espV/stx2/subA/ureD	6	0	0.0
aggR/espK/stx1/stx2/subA/ureD	6	0	0.0
aggR/espN/espV/stx1/stx2/subA	6	0	0.0
aggR/espN/espV/stx1/stx2/ureD	6	0	0.0
aggR/espN/espV/stx1/subA/ureD	6	0	0.0
aggR/espN/espV/stx2/subA/ureD	6	0	0.0
aggR/espN/stx1/stx2/subA/ureD	6	0	0.0
aggR/espV/stx1/stx2/subA/ureD	6	0	0.0
eae/espK/espN/espV/stx1/subA	6	0	0.0
eae/espK/espN/espV/stx2/subA	6	0	0.0
eae/espK/espN/espV/subA/ureD	6	0	0.0
eae/espK/espN/stx1/stx2/subA	6	0	0.0
eae/espK/espN/stx1/subA/ureD	6	0	0.0
eae/espK/espN/stx2/subA/ureD	6	0	0.0
eae/espK/espV/stx1/stx2/subA	6	0	0.0
eae/espK/espV/stx1/subA/ureD	6	0	0.0
eae/espK/espV/stx2/subA/ureD	6	0	0.0
eae/espK/stx1/stx2/subA/ureD	6	0	0.0
eae/espN/espV/stx1/stx2/subA	6	0	0.0
eae/espN/espV/stx1/subA/ureD	6	0	0.0
eae/espN/espV/stx2/subA/ureD	6	0	0.0
eae/espN/stx1/stx2/subA/ureD	6	0	0.0
eae/espV/stx1/stx2/subA/ureD	6	0	0.0
espK/espN/espV/stx1/stx2/subA	6	0	0.0
espK/espN/espV/stx1/subA/ureD	6	0	0.0
espK/espN/espV/stx2/subA/ureD	6	0	0.0
espK/espN/stx1/stx2/subA/ureD	6	0	0.0
espK/espV/stx1/stx2/subA/ureD	6	0	0.0
espN/espV/stx1/stx2/subA/ureD	6	0	0.0
Z2098/eae/espK/espV/stx1/stx2/ureD	7	141	100.0
Z2098/eae/espK/espN/espV/stx1/stx2	7	140	99.29
Z2098/eae/espK/espN/espV/stx1/ureD	7	140	99.29
Z2098/eae/espK/espN/espV/stx2/ureD	7	140	99.29
Z2098/eae/espK/espN/stx1/stx2/ureD	7	140	99.29
Z2098/eae/espN/espV/stx1/stx2/ureD	7	140	99.29
Z2098/espK/espN/espV/stx1/stx2/ureD	7	140	99.29
eae/espK/espN/espV/stx1/stx2/ureD	7	140	99.29
Z2098/aggR/eae/espK/espN/espV/stx1	7	0	0.0
Z2098/aggR/eae/espK/espN/espV/stx2	7	0	0.0
Z2098/aggR/eae/espK/espN/espV/subA	7	0	0.0
Z2098/aggR/eae/espK/espN/espV/ureD	7	0	0.0
Z2098/aggR/eae/espK/espN/stx1/stx2	7	0	0.0
Z2098/aggR/eae/espK/espN/stx1/subA	7	0	0.0
Z2098/aggR/eae/espK/espN/stx1/ureD	7	0	0.0
Z2098/aggR/eae/espK/espN/stx2/subA	7	0	0.0
Z2098/aggR/eae/espK/espN/stx2/ureD	7	0	0.0
Z2098/aggR/eae/espK/espN/subA/ureD	7	0	0.0
Z2098/aggR/eae/espK/espV/stx1/stx2	7	0	0.0
Z2098/aggR/eae/espK/espV/stx1/subA	7	0	0.0
Z2098/aggR/eae/espK/espV/stx1/ureD	7	0	0.0
Z2098/aggR/eae/espK/espV/stx2/subA	7	0	0.0
Z2098/aggR/eae/espK/espV/stx2/ureD	7	0	0.0
Z2098/aggR/eae/espK/espV/subA/ureD	7	0	0.0
Z2098/aggR/eae/espK/stx1/stx2/subA	7	0	0.0
Z2098/aggR/eae/espK/stx1/stx2/ureD	7	0	0.0
Z2098/aggR/eae/espK/stx1/subA/ureD	7	0	0.0
Z2098/aggR/eae/espK/stx2/subA/ureD	7	0	0.0
Z2098/aggR/eae/espN/espV/stx1/stx2	7	0	0.0
Z2098/aggR/eae/espN/espV/stx1/subA	7	0	0.0
Z2098/aggR/eae/espN/espV/stx1/ureD	7	0	0.0
Z2098/aggR/eae/espN/espV/stx2/subA	7	0	0.0
Z2098/aggR/eae/espN/espV/stx2/ureD	7	0	0.0
Z2098/aggR/eae/espN/espV/subA/ureD	7	0	0.0
Z2098/aggR/eae/espN/stx1/stx2/subA	7	0	0.0
Z2098/aggR/eae/espN/stx1/stx2/ureD	7	0	0.0
Z2098/aggR/eae/espN/stx1/subA/ureD	7	0	0.0
Z2098/aggR/eae/espN/stx2/subA/ureD	7	0	0.0
Z2098/aggR/eae/espV/stx1/stx2/subA	7	0	0.0
Z2098/aggR/eae/espV/stx1/stx2/ureD	7	0	0.0
Z2098/aggR/eae/espV/stx1/subA/ureD	7	0	0.0
Z2098/aggR/eae/espV/stx2/subA/ureD	7	0	0.0
Z2098/aggR/eae/stx1/stx2/subA/ureD	7	0	0.0
Z2098/aggR/espK/espN/espV/stx1/stx2	7	0	0.0
Z2098/aggR/espK/espN/espV/stx1/subA	7	0	0.0
Z2098/aggR/espK/espN/espV/stx1/ureD	7	0	0.0
Z2098/aggR/espK/espN/espV/stx2/subA	7	0	0.0
Z2098/aggR/espK/espN/espV/stx2/ureD	7	0	0.0
Z2098/aggR/espK/espN/espV/subA/ureD	7	0	0.0
Z2098/aggR/espK/espN/stx1/stx2/subA	7	0	0.0
Z2098/aggR/espK/espN/stx1/stx2/ureD	7	0	0.0
Z2098/aggR/espK/espN/stx1/subA/ureD	7	0	0.0
Z2098/aggR/espK/espN/stx2/subA/ureD	7	0	0.0
Z2098/aggR/espK/espV/stx1/stx2/subA	7	0	0.0
Z2098/aggR/espK/espV/stx1/stx2/ureD	7	0	0.0
Z2098/aggR/espK/espV/stx1/subA/ureD	7	0	0.0
Z2098/aggR/espK/espV/stx2/subA/ureD	7	0	0.0
Z2098/aggR/espK/stx1/stx2/subA/ureD	7	0	0.0
Z2098/aggR/espN/espV/stx1/stx2/subA	7	0	0.0
Z2098/aggR/espN/espV/stx1/stx2/ureD	7	0	0.0
Z2098/aggR/espN/espV/stx1/subA/ureD	7	0	0.0
Z2098/aggR/espN/espV/stx2/subA/ureD	7	0	0.0
Z2098/aggR/espN/stx1/stx2/subA/ureD	7	0	0.0
Z2098/aggR/espV/stx1/stx2/subA/ureD	7	0	0.0
Z2098/eae/espK/espN/espV/stx1/subA	7	0	0.0
Z2098/eae/espK/espN/espV/stx2/subA	7	0	0.0
Z2098/eae/espK/espN/espV/subA/ureD	7	0	0.0
Z2098/eae/espK/espN/stx1/stx2/subA	7	0	0.0
Z2098/eae/espK/espN/stx1/subA/ureD	7	0	0.0
Z2098/eae/espK/espN/stx2/subA/ureD	7	0	0.0
Z2098/eae/espK/espV/stx1/stx2/subA	7	0	0.0
Z2098/eae/espK/espV/stx1/subA/ureD	7	0	0.0
Z2098/eae/espK/espV/stx2/subA/ureD	7	0	0.0
Z2098/eae/espK/stx1/stx2/subA/ureD	7	0	0.0
Z2098/eae/espN/espV/stx1/stx2/subA	7	0	0.0
Z2098/eae/espN/espV/stx1/subA/ureD	7	0	0.0
Z2098/eae/espN/espV/stx2/subA/ureD	7	0	0.0
Z2098/eae/espN/stx1/stx2/subA/ureD	7	0	0.0
Z2098/eae/espV/stx1/stx2/subA/ureD	7	0	0.0
Z2098/espK/espN/espV/stx1/stx2/subA	7	0	0.0
Z2098/espK/espN/espV/stx1/subA/ureD	7	0	0.0
Z2098/espK/espN/espV/stx2/subA/ureD	7	0	0.0
Z2098/espK/espN/stx1/stx2/subA/ureD	7	0	0.0
Z2098/espK/espV/stx1/stx2/subA/ureD	7	0	0.0
Z2098/espN/espV/stx1/stx2/subA/ureD	7	0	0.0
aggR/eae/espK/espN/espV/stx1/stx2	7	0	0.0
aggR/eae/espK/espN/espV/stx1/subA	7	0	0.0
aggR/eae/espK/espN/espV/stx1/ureD	7	0	0.0
aggR/eae/espK/espN/espV/stx2/subA	7	0	0.0
aggR/eae/espK/espN/espV/stx2/ureD	7	0	0.0
aggR/eae/espK/espN/espV/subA/ureD	7	0	0.0
aggR/eae/espK/espN/stx1/stx2/subA	7	0	0.0
aggR/eae/espK/espN/stx1/stx2/ureD	7	0	0.0
aggR/eae/espK/espN/stx1/subA/ureD	7	0	0.0
aggR/eae/espK/espN/stx2/subA/ureD	7	0	0.0
aggR/eae/espK/espV/stx1/stx2/subA	7	0	0.0
aggR/eae/espK/espV/stx1/stx2/ureD	7	0	0.0
aggR/eae/espK/espV/stx1/subA/ureD	7	0	0.0
aggR/eae/espK/espV/stx2/subA/ureD	7	0	0.0
aggR/eae/espK/stx1/stx2/subA/ureD	7	0	0.0
aggR/eae/espN/espV/stx1/stx2/subA	7	0	0.0
aggR/eae/espN/espV/stx1/stx2/ureD	7	0	0.0
aggR/eae/espN/espV/stx1/subA/ureD	7	0	0.0
aggR/eae/espN/espV/stx2/subA/ureD	7	0	0.0
aggR/eae/espN/stx1/stx2/subA/ureD	7	0	0.0
aggR/eae/espV/stx1/stx2/subA/ureD	7	0	0.0
aggR/espK/espN/espV/stx1/stx2/subA	7	0	0.0
aggR/espK/espN/espV/stx1/stx2/ureD	7	0	0.0
aggR/espK/espN/espV/stx1/subA/ureD	7	0	0.0
aggR/espK/espN/espV/stx2/subA/ureD	7	0	0.0
aggR/espK/espN/stx1/stx2/subA/ureD	7	0	0.0
aggR/espK/espV/stx1/stx2/subA/ureD	7	0	0.0
aggR/espN/espV/stx1/stx2/subA/ureD	7	0	0.0
eae/espK/espN/espV/stx1/stx2/subA	7	0	0.0
eae/espK/espN/espV/stx1/subA/ureD	7	0	0.0
eae/espK/espN/espV/stx2/subA/ureD	7	0	0.0
eae/espK/espN/stx1/stx2/subA/ureD	7	0	0.0
eae/espK/espV/stx1/stx2/subA/ureD	7	0	0.0
eae/espN/espV/stx1/stx2/subA/ureD	7	0	0.0
espK/espN/espV/stx1/stx2/subA/ureD	7	0	0.0
Z2098/eae/espK/espN/espV/stx1/stx2/ureD	8	140	99.29
Z2098/aggR/eae/espK/espN/espV/stx1/stx2	8	0	0.0
Z2098/aggR/eae/espK/espN/espV/stx1/subA	8	0	0.0
Z2098/aggR/eae/espK/espN/espV/stx1/ureD	8	0	0.0
Z2098/aggR/eae/espK/espN/espV/stx2/subA	8	0	0.0
Z2098/aggR/eae/espK/espN/espV/stx2/ureD	8	0	0.0
Z2098/aggR/eae/espK/espN/espV/subA/ureD	8	0	0.0
Z2098/aggR/eae/espK/espN/stx1/stx2/subA	8	0	0.0
Z2098/aggR/eae/espK/espN/stx1/stx2/ureD	8	0	0.0
Z2098/aggR/eae/espK/espN/stx1/subA/ureD	8	0	0.0
Z2098/aggR/eae/espK/espN/stx2/subA/ureD	8	0	0.0
Z2098/aggR/eae/espK/espV/stx1/stx2/subA	8	0	0.0
Z2098/aggR/eae/espK/espV/stx1/stx2/ureD	8	0	0.0
Z2098/aggR/eae/espK/espV/stx1/subA/ureD	8	0	0.0
Z2098/aggR/eae/espK/espV/stx2/subA/ureD	8	0	0.0
Z2098/aggR/eae/espK/stx1/stx2/subA/ureD	8	0	0.0
Z2098/aggR/eae/espN/espV/stx1/stx2/subA	8	0	0.0
Z2098/aggR/eae/espN/espV/stx1/stx2/ureD	8	0	0.0
Z2098/aggR/eae/espN/espV/stx1/subA/ureD	8	0	0.0
Z2098/aggR/eae/espN/espV/stx2/subA/ureD	8	0	0.0
Z2098/aggR/eae/espN/stx1/stx2/subA/ureD	8	0	0.0
Z2098/aggR/eae/espV/stx1/stx2/subA/ureD	8	0	0.0
Z2098/aggR/espK/espN/espV/stx1/stx2/subA	8	0	0.0
Z2098/aggR/espK/espN/espV/stx1/stx2/ureD	8	0	0.0
Z2098/aggR/espK/espN/espV/stx1/subA/ureD	8	0	0.0
Z2098/aggR/espK/espN/espV/stx2/subA/ureD	8	0	0.0
Z2098/aggR/espK/espN/stx1/stx2/subA/ureD	8	0	0.0
Z2098/aggR/espK/espV/stx1/stx2/subA/ureD	8	0	0.0
Z2098/aggR/espN/espV/stx1/stx2/subA/ureD	8	0	0.0
Z2098/eae/espK/espN/espV/stx1/stx2/subA	8	0	0.0
Z2098/eae/espK/espN/espV/stx1/subA/ureD	8	0	0.0
Z2098/eae/espK/espN/espV/stx2/subA/ureD	8	0	0.0
Z2098/eae/espK/espN/stx1/stx2/subA/ureD	8	0	0.0
Z2098/eae/espK/espV/stx1/stx2/subA/ureD	8	0	0.0
Z2098/eae/espN/espV/stx1/stx2/subA/ureD	8	0	0.0
Z2098/espK/espN/espV/stx1/stx2/subA/ureD	8	0	0.0
aggR/eae/espK/espN/espV/stx1/stx2/subA	8	0	0.0
aggR/eae/espK/espN/espV/stx1/stx2/ureD	8	0	0.0
aggR/eae/espK/espN/espV/stx1/subA/ureD	8	0	0.0
aggR/eae/espK/espN/espV/stx2/subA/ureD	8	0	0.0
aggR/eae/espK/espN/stx1/stx2/subA/ureD	8	0	0.0
aggR/eae/espK/espV/stx1/stx2/subA/ureD	8	0	0.0
aggR/eae/espN/espV/stx1/stx2/subA/ureD	8	0	0.0
aggR/espK/espN/espV/stx1/stx2/subA/ureD	8	0	0.0
eae/espK/espN/espV/stx1/stx2/subA/ureD	8	0	0.0
Z2098/aggR/eae/espK/espN/espV/stx1/stx2/subA	9	0	0.0
Z2098/aggR/eae/espK/espN/espV/stx1/stx2/ureD	9	0	0.0
Z2098/aggR/eae/espK/espN/espV/stx1/subA/ureD	9	0	0.0
Z2098/aggR/eae/espK/espN/espV/stx2/subA/ureD	9	0	0.0
Z2098/aggR/eae/espK/espN/stx1/stx2/subA/ureD	9	0	0.0
Z2098/aggR/eae/espK/espV/stx1/stx2/subA/ureD	9	0	0.0
Z2098/aggR/eae/espN/espV/stx1/stx2/subA/ureD	9	0	0.0
Z2098/aggR/espK/espN/espV/stx1/stx2/subA/ureD	9	0	0.0
Z2098/eae/espK/espN/espV/stx1/stx2/subA/ureD	9	0	0.0
aggR/eae/espK/espN/espV/stx1/stx2/subA/ureD	9	0	0.0
Z2098/aggR/eae/espK/espN/espV/stx1/stx2/subA/ureD	10	0	0.0
